status_id,created_at,text,text_clean
1,2025-11-07T05:53:30Z,AI is transforming healthcare with better diagnostics and predictions.,ai transforming healthcare better diagnostics predictions
2,2025-11-07T05:53:30Z,Machine learning models can detect patterns that humans miss.,machine learning models can detect patterns humans miss
3,2025-11-07T05:53:30Z,Data science unlocks insights from large volumes of unstructured data.,data science unlocks insights large volumes unstructured data
4,2025-11-07T05:53:30Z,Deep learning powers breakthrough results in computer vision and NLP.,deep learning powers breakthrough results computer vision nlp
5,2025-11-07T05:53:30Z,Natural language processing enables smarter customer support chatbots.,natural language processing enables smarter customer support chatbots
6,2025-11-07T05:53:30Z,"AI ethics matter: fairness, transparency, and accountability are critical.",ai ethics matter fairness transparency accountability critical
7,2025-11-07T05:53:30Z,Reinforcement learning helps optimize decision-making under uncertainty.,reinforcement learning helps optimize decision making uncertainty
8,2025-11-07T05:53:30Z,Predictive analytics improve operational efficiency across industries.,predictive analytics improve operational efficiency across industries
9,2025-11-07T05:53:30Z,Feature engineering remains key to robust ML performance.,feature engineering remains key robust ml performance
10,2025-11-07T05:53:30Z,Hyperparameter tuning can significantly boost model accuracy.,hyperparameter tuning can significantly boost model accuracy
11,2025-11-07T05:53:30Z,AI adoption requires clear business objectives and stakeholder buy-in.,ai adoption requires clear business objectives stakeholder buy
12,2025-11-07T05:53:30Z,Transfer learning accelerates model training with limited data.,transfer learning accelerates model training limited data
13,2025-11-07T05:53:30Z,Explainable AI helps build trust with end users.,explainable ai helps build trust end users
14,2025-11-07T05:53:30Z,Big data platforms enable scalable analytics pipelines for ML.,big data platforms enable scalable analytics pipelines ml
15,2025-11-07T05:53:30Z,Model monitoring ensures reliability in production environments.,model monitoring ensures reliability production environments
16,2025-11-07T05:53:30Z,"AI in finance: fraud detection, risk modeling, and credit scoring.",ai finance fraud detection risk modeling credit scoring
17,2025-11-07T05:53:30Z,ML in retail: personalized recommendations and demand forecasting.,ml retail personalized recommendations demand forecasting
18,2025-11-07T05:53:30Z,AI in manufacturing: predictive maintenance and quality control.,ai manufacturing predictive maintenance quality control
19,2025-11-07T05:53:30Z,ML in marketing: customer segmentation and churn prediction.,ml marketing customer segmentation churn prediction
20,2025-11-07T05:53:30Z,AI in HR: candidate screening and workforce planning.,ai hr candidate screening workforce planning
21,2025-11-07T05:53:30Z,Graph neural networks capture complex relationships in data.,graph neural networks capture complex relationships data
22,2025-11-07T05:53:30Z,Optimization algorithms improve resource allocation and scheduling.,optimization algorithms improve resource allocation scheduling
23,2025-11-07T05:53:30Z,Time series forecasting drives insights for sales and operations.,time series forecasting drives insights sales operations
24,2025-11-07T05:53:30Z,Computer vision assists with defect detection on assembly lines.,computer vision assists defect detection assembly lines
25,2025-11-07T05:53:30Z,Anomaly detection flags outliers in network traffic logs.,anomaly detection flags outliers network traffic logs
26,2025-11-07T05:53:30Z,AutoML simplifies model selection and tuning for beginners.,automl simplifies model selection tuning beginners
27,2025-11-07T05:53:30Z,AI literacy is increasingly important for non-technical teams.,ai literacy increasingly important non technical teams
28,2025-11-07T05:53:30Z,Cloud services provide managed ML solutions for faster deployment.,cloud services provide managed ml solutions faster deployment
29,2025-11-07T05:53:30Z,Open-source tools accelerate innovation in AI development.,open source tools accelerate innovation ai development
30,2025-11-07T05:53:30Z,Ethical AI requires diverse datasets and inclusive design.,ethical ai requires diverse datasets inclusive design
31,2025-11-07T05:53:30Z,Federated learning preserves privacy while training across devices.,federated learning preserves privacy training across devices
32,2025-11-07T05:53:30Z,Data labeling quality strongly impacts supervised learning outcomes.,data labeling quality strongly impacts supervised learning outcomes
33,2025-11-07T05:53:30Z,AI for social good: disaster response and public health initiatives.,ai social good disaster response public health initiatives
34,2025-11-07T05:53:30Z,ML model drift occurs when data changes over time.,ml model drift occurs data changes time
35,2025-11-07T05:53:30Z,"Data pipelines must handle ingestion, validation, and transformation.",data pipelines must handle ingestion validation transformation
36,2025-11-07T05:53:30Z,BERT embeddings capture contextual meaning in text data.,bert embeddings capture contextual meaning text data
37,2025-11-07T05:53:30Z,GloVe embeddings represent word semantics through co-occurrence.,glove embeddings represent word semantics co occurrence
38,2025-11-07T05:53:30Z,TF-IDF highlights distinguishing terms across documents.,tf idf highlights distinguishing terms across documents
39,2025-11-07T05:53:30Z,Cosine similarity measures closeness in vector spaces.,cosine similarity measures closeness vector spaces
40,2025-11-07T05:53:30Z,Dimensionality reduction can improve downstream model efficiency.,dimensionality reduction can improve downstream model efficiency
41,2025-11-07T05:53:30Z,Clustering helps discover groups and segments in datasets.,clustering helps discover groups segments datasets
42,2025-11-07T05:53:30Z,Topic modeling reveals latent themes from text corpora.,topic modeling reveals latent themes text corpora
43,2025-11-07T05:53:30Z,Sentiment analysis gauges user opinions at scale.,sentiment analysis gauges user opinions scale
44,2025-11-07T05:53:30Z,"Data quality issues: missing values, duplicates, and noise.",data quality issues missing values duplicates noise
45,2025-11-07T05:53:30Z,Rigorous evaluation prevents optimistic bias in ML results.,rigorous evaluation prevents optimistic bias ml results
46,2025-11-07T05:53:30Z,Cross-validation tests generalization across data splits.,cross validation tests generalization across data splits
47,2025-11-07T05:53:30Z,Precision@K summarizes top-ranked retrieval accuracy.,precision summarizes top ranked retrieval accuracy
48,2025-11-07T05:53:30Z,MAP aggregates average precision across queries.,map aggregates average precision across queries
49,2025-11-07T05:53:30Z,nDCG assesses ranking quality with position-aware weighting.,ndcg assesses ranking quality position aware weighting
50,2025-11-07T05:53:30Z,Shiny dashboards make data-driven insights accessible to stakeholders.,shiny dashboards make data driven insights accessible stakeholders
51,2025-11-07T05:53:30Z,Interactive visualizations help users understand model outputs.,interactive visualizations help users understand model outputs
52,2025-11-07T05:53:30Z,User queries can be mapped to semantic embeddings for search.,user queries can mapped semantic embeddings search
53,2025-11-07T05:53:30Z,Real-time tweet retrieval requires reliable APIs and rate limits.,real time tweet retrieval requires reliable apis rate limits
54,2025-11-07T05:53:30Z,Fallback datasets ensure functionality without internet access.,fallback datasets ensure functionality without internet access
55,2025-11-07T05:53:30Z,"Clean text: lowercase, remove URLs, mentions, and hashtags.",clean text lowercase remove urls mentions hashtags
56,2025-11-07T05:53:30Z,Stopwords removal improves signal-to-noise ratio in text.,stopwords removal improves signal noise ratio text
57,2025-11-07T05:53:30Z,Stemming consolidates word variants to base forms.,stemming consolidates word variants base forms
58,2025-11-07T05:53:30Z,Lemmatization aligns words to dictionary base form (optional).,lemmatization aligns words dictionary base form optional
59,2025-11-07T05:53:30Z,Tokenization breaks text into analyzable words.,tokenization breaks text analyzable words
60,2025-11-07T05:53:30Z,AI improves product recommendations using collaborative filtering.,ai improves product recommendations using collaborative filtering
61,2025-11-07T05:53:30Z,ML models benefit from regular re-training with new data.,ml models benefit regular re training new data
62,2025-11-07T05:53:30Z,Explainability techniques include LIME and SHAP values.,explainability techniques include lime shap values
63,2025-11-07T05:53:30Z,Data visualization clarifies trends and anomalies in datasets.,data visualization clarifies trends anomalies datasets
64,2025-11-07T05:53:30Z,Feature importance highlights drivers of predictions.,feature importance highlights drivers predictions
65,2025-11-07T05:53:30Z,Calibration curves show how probabilistic predictions align with reality.,calibration curves show probabilistic predictions align reality
66,2025-11-07T05:53:30Z,Fairness metrics assess bias across demographic groups.,fairness metrics assess bias across demographic groups
67,2025-11-07T05:53:30Z,Robustness testing evaluates model stability under perturbations.,robustness testing evaluates model stability perturbations
68,2025-11-07T05:53:30Z,Out-of-distribution detection safeguards against unknown inputs.,distribution detection safeguards unknown inputs
69,2025-11-07T05:53:30Z,Model compression reduces latency for edge deployment.,model compression reduces latency edge deployment
70,2025-11-07T05:53:30Z,On-device AI enables privacy-preserving inference.,device ai enables privacy preserving inference
71,2025-11-07T05:53:30Z,AI-enabled medicine personalizes treatment pathways.,ai enabled medicine personalizes treatment pathways
72,2025-11-07T05:53:30Z,ML in education supports adaptive learning systems.,ml education supports adaptive learning systems
73,2025-11-07T05:53:30Z,AI in agriculture optimizes yield forecasting and resource use.,ai agriculture optimizes yield forecasting resource use
74,2025-11-07T05:53:30Z,ML in energy improves load forecasting and demand response.,ml energy improves load forecasting demand response
75,2025-11-07T05:53:30Z,AI in logistics enhances route planning and delivery timing.,ai logistics enhances route planning delivery timing
76,2025-11-07T05:53:30Z,ML in cybersecurity strengthens threat detection and response.,ml cybersecurity strengthens threat detection response
77,2025-11-07T05:53:30Z,AI and climate: modeling impacts and mitigation strategies.,ai climate modeling impacts mitigation strategies
78,2025-11-07T05:53:30Z,"Data ethics: consent, anonymity, and responsible sharing.",data ethics consent anonymity responsible sharing
79,2025-11-07T05:53:30Z,Governance frameworks guide AI deployment across enterprises.,governance frameworks guide ai deployment across enterprises
80,2025-11-07T05:53:30Z,Human-in-the-loop systems integrate expert oversight.,human loop systems integrate expert oversight
81,2025-11-07T05:53:30Z,Continuous integration keeps ML pipelines up-to-date.,continuous integration keeps ml pipelines date
82,2025-11-07T05:53:30Z,"ML ops tools orchestrate training, deployment, monitoring.",ml ops tools orchestrate training deployment monitoring
83,2025-11-07T05:53:30Z,Real-world ML needs careful problem framing and metrics.,real world ml needs careful problem framing metrics
84,2025-11-07T05:53:30Z,Feature stores centralize reusable ML features.,feature stores centralize reusable ml features
85,2025-11-07T05:53:30Z,A/B testing validates model improvements in production.,testing validates model improvements production
86,2025-11-07T05:53:30Z,"AI on Twitter: track trends, topics, and sentiments.",ai twitter track trends topics sentiments
87,2025-11-07T05:53:30Z,Tweet analytics identify influential accounts and communities.,tweet analytics identify influential accounts communities
88,2025-11-07T05:53:30Z,Hashtags help categorical grouping and discovery of content.,hashtags help categorical grouping discovery content
89,2025-11-07T05:53:30Z,Emoji usage conveys sentiment and emphasis in social media.,emoji usage conveys sentiment emphasis social media
90,2025-11-07T05:53:30Z,Retweets propagate information through social networks quickly.,retweets propagate information social networks quickly
91,2025-11-07T05:53:30Z,Bot detection can reduce manipulation and spam on platforms.,bot detection can reduce manipulation spam platforms
92,2025-11-07T05:53:30Z,Graph analytics reveal structural patterns in follower networks.,graph analytics reveal structural patterns follower networks
93,2025-11-07T05:53:30Z,"ML pipelines: collection, preprocess, embed, search, evaluate.",ml pipelines collection preprocess embed search evaluate
94,2025-11-07T05:53:30Z,Hybrid embeddings combine sparse and dense representations.,hybrid embeddings combine sparse dense representations
95,2025-11-07T05:53:30Z,Query expansion adds related terms to improve recall.,query expansion adds related terms improve recall
96,2025-11-07T05:53:30Z,Re-ranking can incorporate additional signals like recency.,re ranking can incorporate additional signals like recency
97,2025-11-07T05:53:30Z,Active learning reduces labeling costs by selecting informative samples.,active learning reduces labeling costs selecting informative samples
98,2025-11-07T05:53:30Z,Data augmentation helps balance classes in training data.,data augmentation helps balance classes training data
99,2025-11-07T05:53:30Z,Weak supervision increases labeled data via programmatic rules.,weak supervision increases labeled data via programmatic rules
100,2025-11-07T05:53:30Z,Knowledge distillation transfers performance to smaller models.,knowledge distillation transfers performance smaller models
101,2025-11-07T05:53:30Z,Contrastive learning builds powerful representations from pairs.,contrastive learning builds powerful representations pairs
102,2025-11-07T05:53:30Z,Self-supervised learning uses structure in raw data for signal.,self supervised learning uses structure raw data signal
103,2025-11-07T05:53:30Z,Zero-shot models generalize to unseen tasks with prompts.,zero shot models generalize unseen tasks prompts
104,2025-11-07T05:53:30Z,Few-shot learning adapts with minimal labeled examples.,shot learning adapts minimal labeled examples
105,2025-11-07T05:53:30Z,Foundation models enable broad capabilities across domains.,foundation models enable broad capabilities across domains
106,2025-11-07T05:53:30Z,Prompt engineering guides responses for generative systems.,prompt engineering guides responses generative systems
107,2025-11-07T05:53:30Z,Responsible AI prioritizes safety and alignment with human values.,responsible ai prioritizes safety alignment human values
108,2025-11-07T05:53:30Z,Causal inference distinguishes correlation from causation.,causal inference distinguishes correlation causation
109,2025-11-07T05:53:30Z,Random forests provide strong baseline performance on tabular data.,random forests provide strong baseline performance tabular data
110,2025-11-07T05:53:30Z,Gradient boosting delivers state-of-the-art results in many tasks.,gradient boosting delivers state art results many tasks
111,2025-11-07T05:53:30Z,Neural networks excel in complex pattern recognition problems.,neural networks excel complex pattern recognition problems
112,2025-11-07T05:53:30Z,Regularization techniques combat overfitting in ML models.,regularization techniques combat overfitting ml models
113,2025-11-07T05:53:30Z,Dropout helps reduce co-adaptation in deep networks.,dropout helps reduce co adaptation deep networks
114,2025-11-07T05:53:30Z,Batch normalization stabilizes training and accelerates convergence.,batch normalization stabilizes training accelerates convergence
115,2025-11-07T05:53:30Z,Attention mechanisms focus computation on salient features.,attention mechanisms focus computation salient features
116,2025-11-07T05:53:30Z,Transformers revolutionized NLP with scalable architectures.,transformers revolutionized nlp scalable architectures
117,2025-11-07T05:53:30Z,Pretrained embeddings can be fine-tuned for domain tasks.,pretrained embeddings can fine tuned domain tasks
118,2025-11-07T05:53:30Z,Domain adaptation helps models generalize across contexts.,domain adaptation helps models generalize across contexts
119,2025-11-07T05:53:30Z,Outliers can distort parameter estimates and model fit.,outliers can distort parameter estimates model fit
120,2025-11-07T05:53:30Z,Normalization standardizes features for consistent training.,normalization standardizes features consistent training
121,2025-11-07T05:53:30Z,Scaling numeric features impacts optimization and model stability.,scaling numeric features impacts optimization model stability
122,2025-11-07T05:53:30Z,Imbalanced classes require careful metric selection and sampling.,imbalanced classes require careful metric selection sampling
123,2025-11-07T05:53:30Z,Recall and precision trade off via decision thresholds.,recall precision trade via decision thresholds
124,2025-11-07T05:53:30Z,ROC-AUC summarizes ranking performance across thresholds.,roc auc summarizes ranking performance across thresholds
125,2025-11-07T05:53:30Z,PR-AUC focuses on positive class performance in imbalance.,pr auc focuses positive class performance imbalance
126,2025-11-07T05:53:30Z,Confidence intervals quantify uncertainty in model metrics.,confidence intervals quantify uncertainty model metrics
127,2025-11-07T05:53:30Z,Bootstrapping estimates variance for performance measures.,bootstrapping estimates variance performance measures
128,2025-11-07T05:53:30Z,Bayesian methods incorporate priors and uncertainty explicitly.,bayesian methods incorporate priors uncertainty explicitly
129,2025-11-07T05:53:30Z,Ensembles combine models to reduce variance and bias.,ensembles combine models reduce variance bias
130,2025-11-07T05:53:30Z,Stacking integrates diverse learners for stronger predictions.,stacking integrates diverse learners stronger predictions
131,2025-11-07T05:53:30Z,Meta-learning enables fast adaptation to new tasks.,meta learning enables fast adaptation new tasks
132,2025-11-07T05:53:30Z,Data versioning ensures traceability across experiments.,data versioning ensures traceability across experiments
133,2025-11-07T05:53:30Z,"Reproducibility depends on seeds, environments, and documentation.",reproducibility depends seeds environments documentation
134,2025-11-07T05:53:30Z,ML fairness audits should be part of operational practice.,ml fairness audits part operational practice
135,2025-11-07T05:53:30Z,Synthetic data supplements scarce training examples.,synthetic data supplements scarce training examples
136,2025-11-07T05:53:30Z,Privacy-preserving computation protects sensitive information.,privacy preserving computation protects sensitive information
137,2025-11-07T05:53:30Z,AI regulation is evolving across different jurisdictions.,ai regulation evolving across different jurisdictions
138,2025-11-07T05:53:30Z,Benchmarking encourages best practices and transparency.,benchmarking encourages best practices transparency
139,2025-11-07T05:53:30Z,Research-to-production gap demands robust engineering.,research production gap demands robust engineering
140,2025-11-07T05:53:30Z,Interpretability helps users understand and trust predictions.,interpretability helps users understand trust predictions
141,2025-11-07T05:53:30Z,Human-centered design aligns AI with user needs.,human centered design aligns ai user needs
142,2025-11-07T05:53:30Z,AI product management balances feasibility and desirability.,ai product management balances feasibility desirability
143,2025-11-07T05:53:30Z,ML security guards against adversarial attacks and leakage.,ml security guards adversarial attacks leakage
144,2025-11-07T05:53:30Z,Resilience planning ensures graceful degradation under failures.,resilience planning ensures graceful degradation failures
145,2025-11-07T05:53:30Z,"Data observability tracks freshness, schema changes, and drift.",data observability tracks freshness schema changes drift
146,2025-11-07T05:53:30Z,Monitoring alerts on anomalies in inputs and outputs.,monitoring alerts anomalies inputs outputs
147,2025-11-07T05:53:30Z,Root cause analysis identifies sources of breakdowns.,root cause analysis identifies sources breakdowns
148,2025-11-07T05:53:30Z,Incident response coordinates fixes across teams.,incident response coordinates fixes across teams
149,2025-11-07T05:53:30Z,Telemetry provides insights for continuous improvement.,telemetry provides insights continuous improvement
150,2025-11-07T05:53:30Z,AI literacy programs empower organizations to adopt ML responsibly.,ai literacy programs empower organizations adopt ml responsibly
151,2025-11-07T05:53:30Z,Model registries catalog versions and metadata for governance.,model registries catalog versions metadata governance
152,2025-11-07T05:53:30Z,Dashboards communicate performance and trends to stakeholders.,dashboards communicate performance trends stakeholders
153,2025-11-07T05:53:30Z,Semantic search improves discovery across knowledge bases.,semantic search improves discovery across knowledge bases
154,2025-11-07T05:53:30Z,User feedback loops refine retrieval relevance over time.,user feedback loops refine retrieval relevance time
155,2025-11-07T05:53:30Z,Query logging supports analysis of search behavior and needs.,query logging supports analysis search behavior needs
156,2025-11-07T05:53:30Z,AI in sports analytics enhances strategy and performance.,ai sports analytics enhances strategy performance
157,2025-11-07T05:53:30Z,ML in entertainment powers recommendations and content moderation.,ml entertainment powers recommendations content moderation
158,2025-11-07T05:53:30Z,AI in transportation informs routing and autonomous driving.,ai transportation informs routing autonomous driving
159,2025-11-07T05:53:30Z,ML in public sector supports policy analysis and services.,ml public sector supports policy analysis services
160,2025-11-07T05:53:30Z,AI in real estate improves valuation and market forecasting.,ai real estate improves valuation market forecasting
161,2025-11-07T05:53:30Z,ML in insurance strengthens claims processing and risk assessment.,ml insurance strengthens claims processing risk assessment
162,2025-11-07T05:53:30Z,AI in telecom analyzes network performance and customer experience.,ai telecom analyzes network performance customer experience
163,2025-11-07T05:53:30Z,ML in automotive powers predictive maintenance and safety features.,ml automotive powers predictive maintenance safety features
164,2025-11-07T05:53:30Z,AI in gaming improves NPC behavior and player experience.,ai gaming improves npc behavior player experience
165,2025-11-07T05:53:30Z,ML in healthcare aids diagnostics and personalized medicine.,ml healthcare aids diagnostics personalized medicine
166,2025-11-07T05:53:30Z,AI for sustainability optimizes resource use and reduces waste.,ai sustainability optimizes resource use reduces waste
167,2025-11-07T05:53:30Z,ML education grows as more people learn data skills.,ml education grows people learn data skills
168,2025-11-07T05:53:30Z,"AI conferences share innovations, papers, and best practices.",ai conferences share innovations papers best practices
169,2025-11-07T05:53:30Z,ML communities collaborate on open-source projects globally.,ml communities collaborate open source projects globally
170,2025-11-07T05:53:30Z,AI startups drive rapid experimentation and new products.,ai startups drive rapid experimentation new products
171,2025-11-07T05:53:30Z,ML tooling keeps evolving for better developer experience.,ml tooling keeps evolving better developer experience
172,2025-11-07T05:53:30Z,AI hardware accelerators speed up training and inference.,ai hardware accelerators speed training inference
173,2025-11-07T05:53:30Z,ML costs require careful budgeting and optimization.,ml costs require careful budgeting optimization
174,2025-11-07T05:53:30Z,AI at scale needs robust infrastructure and automation.,ai scale needs robust infrastructure automation
175,2025-11-07T05:53:30Z,"ML lifecycle includes data, modeling, deployment, and monitoring.",ml lifecycle includes data modeling deployment monitoring
176,2025-11-07T05:53:30Z,AI safety is paramount for critical applications.,ai safety paramount critical applications
177,2025-11-07T05:53:30Z,ML pipelines integrate data engineering and model training.,ml pipelines integrate data engineering model training
178,2025-11-07T05:53:30Z,AI trend analysis can be derived from Twitter streams.,ai trend analysis can derived twitter streams
179,2025-11-07T05:53:30Z,Tweets provide rich signals for public sentiment and topics.,tweets provide rich signals public sentiment topics
180,2025-11-07T05:53:30Z,Semantic embeddings help match queries to relevant tweets.,semantic embeddings help match queries relevant tweets
181,2025-11-07T05:53:30Z,Cosine similarity ranks tweets by contextual closeness.,cosine similarity ranks tweets contextual closeness
182,2025-11-07T05:53:30Z,TF-IDF offers sparse signals; BERT offers dense context.,tf idf offers sparse signals bert offers dense context
183,2025-11-07T05:53:30Z,GloVe averages provide strong baseline sentence embeddings.,glove averages provide strong baseline sentence embeddings
184,2025-11-07T05:53:30Z,Hybrid retrieval can combine multiple similarity scores.,hybrid retrieval can combine multiple similarity scores
185,2025-11-07T05:53:30Z,Evaluation metrics guide improvements to search quality.,evaluation metrics guide improvements search quality
186,2025-11-07T05:53:30Z,Shiny apps enable interactive exploration of results.,shiny apps enable interactive exploration results
187,2025-11-07T05:53:30Z,Data-driven text mining reveals actionable insights from social media.,data driven text mining reveals actionable insights social media
