status_id,created_at,text
1,2025-11-07T05:53:30Z,AI is transforming healthcare with better diagnostics and predictions.
2,2025-11-07T05:53:30Z,Machine learning models can detect patterns that humans miss.
3,2025-11-07T05:53:30Z,Data science unlocks insights from large volumes of unstructured data.
4,2025-11-07T05:53:30Z,Deep learning powers breakthrough results in computer vision and NLP.
5,2025-11-07T05:53:30Z,Natural language processing enables smarter customer support chatbots.
6,2025-11-07T05:53:30Z,"AI ethics matter: fairness, transparency, and accountability are critical."
7,2025-11-07T05:53:30Z,Reinforcement learning helps optimize decision-making under uncertainty.
8,2025-11-07T05:53:30Z,Predictive analytics improve operational efficiency across industries.
9,2025-11-07T05:53:30Z,Feature engineering remains key to robust ML performance.
10,2025-11-07T05:53:30Z,Hyperparameter tuning can significantly boost model accuracy.
11,2025-11-07T05:53:30Z,AI adoption requires clear business objectives and stakeholder buy-in.
12,2025-11-07T05:53:30Z,Transfer learning accelerates model training with limited data.
13,2025-11-07T05:53:30Z,Explainable AI helps build trust with end users.
14,2025-11-07T05:53:30Z,Big data platforms enable scalable analytics pipelines for ML.
15,2025-11-07T05:53:30Z,Model monitoring ensures reliability in production environments.
16,2025-11-07T05:53:30Z,"AI in finance: fraud detection, risk modeling, and credit scoring."
17,2025-11-07T05:53:30Z,ML in retail: personalized recommendations and demand forecasting.
18,2025-11-07T05:53:30Z,AI in manufacturing: predictive maintenance and quality control.
19,2025-11-07T05:53:30Z,ML in marketing: customer segmentation and churn prediction.
20,2025-11-07T05:53:30Z,AI in HR: candidate screening and workforce planning.
21,2025-11-07T05:53:30Z,Graph neural networks capture complex relationships in data.
22,2025-11-07T05:53:30Z,Optimization algorithms improve resource allocation and scheduling.
23,2025-11-07T05:53:30Z,Time series forecasting drives insights for sales and operations.
24,2025-11-07T05:53:30Z,Computer vision assists with defect detection on assembly lines.
25,2025-11-07T05:53:30Z,Anomaly detection flags outliers in network traffic logs.
26,2025-11-07T05:53:30Z,AutoML simplifies model selection and tuning for beginners.
27,2025-11-07T05:53:30Z,AI literacy is increasingly important for non-technical teams.
28,2025-11-07T05:53:30Z,Cloud services provide managed ML solutions for faster deployment.
29,2025-11-07T05:53:30Z,Open-source tools accelerate innovation in AI development.
30,2025-11-07T05:53:30Z,Ethical AI requires diverse datasets and inclusive design.
31,2025-11-07T05:53:30Z,Federated learning preserves privacy while training across devices.
32,2025-11-07T05:53:30Z,Data labeling quality strongly impacts supervised learning outcomes.
33,2025-11-07T05:53:30Z,AI for social good: disaster response and public health initiatives.
34,2025-11-07T05:53:30Z,ML model drift occurs when data changes over time.
35,2025-11-07T05:53:30Z,"Data pipelines must handle ingestion, validation, and transformation."
36,2025-11-07T05:53:30Z,BERT embeddings capture contextual meaning in text data.
37,2025-11-07T05:53:30Z,GloVe embeddings represent word semantics through co-occurrence.
38,2025-11-07T05:53:30Z,TF-IDF highlights distinguishing terms across documents.
39,2025-11-07T05:53:30Z,Cosine similarity measures closeness in vector spaces.
40,2025-11-07T05:53:30Z,Dimensionality reduction can improve downstream model efficiency.
41,2025-11-07T05:53:30Z,Clustering helps discover groups and segments in datasets.
42,2025-11-07T05:53:30Z,Topic modeling reveals latent themes from text corpora.
43,2025-11-07T05:53:30Z,Sentiment analysis gauges user opinions at scale.
44,2025-11-07T05:53:30Z,"Data quality issues: missing values, duplicates, and noise."
45,2025-11-07T05:53:30Z,Rigorous evaluation prevents optimistic bias in ML results.
46,2025-11-07T05:53:30Z,Cross-validation tests generalization across data splits.
47,2025-11-07T05:53:30Z,Precision@K summarizes top-ranked retrieval accuracy.
48,2025-11-07T05:53:30Z,MAP aggregates average precision across queries.
49,2025-11-07T05:53:30Z,nDCG assesses ranking quality with position-aware weighting.
50,2025-11-07T05:53:30Z,Shiny dashboards make data-driven insights accessible to stakeholders.
51,2025-11-07T05:53:30Z,Interactive visualizations help users understand model outputs.
52,2025-11-07T05:53:30Z,User queries can be mapped to semantic embeddings for search.
53,2025-11-07T05:53:30Z,Real-time tweet retrieval requires reliable APIs and rate limits.
54,2025-11-07T05:53:30Z,Fallback datasets ensure functionality without internet access.
55,2025-11-07T05:53:30Z,"Clean text: lowercase, remove URLs, mentions, and hashtags."
56,2025-11-07T05:53:30Z,Stopwords removal improves signal-to-noise ratio in text.
57,2025-11-07T05:53:30Z,Stemming consolidates word variants to base forms.
58,2025-11-07T05:53:30Z,Lemmatization aligns words to dictionary base form (optional).
59,2025-11-07T05:53:30Z,Tokenization breaks text into analyzable words.
60,2025-11-07T05:53:30Z,AI improves product recommendations using collaborative filtering.
61,2025-11-07T05:53:30Z,ML models benefit from regular re-training with new data.
62,2025-11-07T05:53:30Z,Explainability techniques include LIME and SHAP values.
63,2025-11-07T05:53:30Z,Data visualization clarifies trends and anomalies in datasets.
64,2025-11-07T05:53:30Z,Feature importance highlights drivers of predictions.
65,2025-11-07T05:53:30Z,Calibration curves show how probabilistic predictions align with reality.
66,2025-11-07T05:53:30Z,Fairness metrics assess bias across demographic groups.
67,2025-11-07T05:53:30Z,Robustness testing evaluates model stability under perturbations.
68,2025-11-07T05:53:30Z,Out-of-distribution detection safeguards against unknown inputs.
69,2025-11-07T05:53:30Z,Model compression reduces latency for edge deployment.
70,2025-11-07T05:53:30Z,On-device AI enables privacy-preserving inference.
71,2025-11-07T05:53:30Z,AI-enabled medicine personalizes treatment pathways.
72,2025-11-07T05:53:30Z,ML in education supports adaptive learning systems.
73,2025-11-07T05:53:30Z,AI in agriculture optimizes yield forecasting and resource use.
74,2025-11-07T05:53:30Z,ML in energy improves load forecasting and demand response.
75,2025-11-07T05:53:30Z,AI in logistics enhances route planning and delivery timing.
76,2025-11-07T05:53:30Z,ML in cybersecurity strengthens threat detection and response.
77,2025-11-07T05:53:30Z,AI and climate: modeling impacts and mitigation strategies.
78,2025-11-07T05:53:30Z,"Data ethics: consent, anonymity, and responsible sharing."
79,2025-11-07T05:53:30Z,Governance frameworks guide AI deployment across enterprises.
80,2025-11-07T05:53:30Z,Human-in-the-loop systems integrate expert oversight.
81,2025-11-07T05:53:30Z,Continuous integration keeps ML pipelines up-to-date.
82,2025-11-07T05:53:30Z,"ML ops tools orchestrate training, deployment, monitoring."
83,2025-11-07T05:53:30Z,Real-world ML needs careful problem framing and metrics.
84,2025-11-07T05:53:30Z,Feature stores centralize reusable ML features.
85,2025-11-07T05:53:30Z,A/B testing validates model improvements in production.
86,2025-11-07T05:53:30Z,"AI on Twitter: track trends, topics, and sentiments."
87,2025-11-07T05:53:30Z,Tweet analytics identify influential accounts and communities.
88,2025-11-07T05:53:30Z,Hashtags help categorical grouping and discovery of content.
89,2025-11-07T05:53:30Z,Emoji usage conveys sentiment and emphasis in social media.
90,2025-11-07T05:53:30Z,Retweets propagate information through social networks quickly.
91,2025-11-07T05:53:30Z,Bot detection can reduce manipulation and spam on platforms.
92,2025-11-07T05:53:30Z,Graph analytics reveal structural patterns in follower networks.
93,2025-11-07T05:53:30Z,"ML pipelines: collection, preprocess, embed, search, evaluate."
94,2025-11-07T05:53:30Z,Hybrid embeddings combine sparse and dense representations.
95,2025-11-07T05:53:30Z,Query expansion adds related terms to improve recall.
96,2025-11-07T05:53:30Z,Re-ranking can incorporate additional signals like recency.
97,2025-11-07T05:53:30Z,Active learning reduces labeling costs by selecting informative samples.
98,2025-11-07T05:53:30Z,Data augmentation helps balance classes in training data.
99,2025-11-07T05:53:30Z,Weak supervision increases labeled data via programmatic rules.
100,2025-11-07T05:53:30Z,Knowledge distillation transfers performance to smaller models.
101,2025-11-07T05:53:30Z,Contrastive learning builds powerful representations from pairs.
102,2025-11-07T05:53:30Z,Self-supervised learning uses structure in raw data for signal.
103,2025-11-07T05:53:30Z,Zero-shot models generalize to unseen tasks with prompts.
104,2025-11-07T05:53:30Z,Few-shot learning adapts with minimal labeled examples.
105,2025-11-07T05:53:30Z,Foundation models enable broad capabilities across domains.
106,2025-11-07T05:53:30Z,Prompt engineering guides responses for generative systems.
107,2025-11-07T05:53:30Z,Responsible AI prioritizes safety and alignment with human values.
108,2025-11-07T05:53:30Z,Causal inference distinguishes correlation from causation.
109,2025-11-07T05:53:30Z,Random forests provide strong baseline performance on tabular data.
110,2025-11-07T05:53:30Z,Gradient boosting delivers state-of-the-art results in many tasks.
111,2025-11-07T05:53:30Z,Neural networks excel in complex pattern recognition problems.
112,2025-11-07T05:53:30Z,Regularization techniques combat overfitting in ML models.
113,2025-11-07T05:53:30Z,Dropout helps reduce co-adaptation in deep networks.
114,2025-11-07T05:53:30Z,Batch normalization stabilizes training and accelerates convergence.
115,2025-11-07T05:53:30Z,Attention mechanisms focus computation on salient features.
116,2025-11-07T05:53:30Z,Transformers revolutionized NLP with scalable architectures.
117,2025-11-07T05:53:30Z,Pretrained embeddings can be fine-tuned for domain tasks.
118,2025-11-07T05:53:30Z,Domain adaptation helps models generalize across contexts.
119,2025-11-07T05:53:30Z,Outliers can distort parameter estimates and model fit.
120,2025-11-07T05:53:30Z,Normalization standardizes features for consistent training.
121,2025-11-07T05:53:30Z,Scaling numeric features impacts optimization and model stability.
122,2025-11-07T05:53:30Z,Imbalanced classes require careful metric selection and sampling.
123,2025-11-07T05:53:30Z,Recall and precision trade off via decision thresholds.
124,2025-11-07T05:53:30Z,ROC-AUC summarizes ranking performance across thresholds.
125,2025-11-07T05:53:30Z,PR-AUC focuses on positive class performance in imbalance.
126,2025-11-07T05:53:30Z,Confidence intervals quantify uncertainty in model metrics.
127,2025-11-07T05:53:30Z,Bootstrapping estimates variance for performance measures.
128,2025-11-07T05:53:30Z,Bayesian methods incorporate priors and uncertainty explicitly.
129,2025-11-07T05:53:30Z,Ensembles combine models to reduce variance and bias.
130,2025-11-07T05:53:30Z,Stacking integrates diverse learners for stronger predictions.
131,2025-11-07T05:53:30Z,Meta-learning enables fast adaptation to new tasks.
132,2025-11-07T05:53:30Z,Data versioning ensures traceability across experiments.
133,2025-11-07T05:53:30Z,"Reproducibility depends on seeds, environments, and documentation."
134,2025-11-07T05:53:30Z,ML fairness audits should be part of operational practice.
135,2025-11-07T05:53:30Z,Synthetic data supplements scarce training examples.
136,2025-11-07T05:53:30Z,Privacy-preserving computation protects sensitive information.
137,2025-11-07T05:53:30Z,AI regulation is evolving across different jurisdictions.
138,2025-11-07T05:53:30Z,Benchmarking encourages best practices and transparency.
139,2025-11-07T05:53:30Z,Research-to-production gap demands robust engineering.
140,2025-11-07T05:53:30Z,Interpretability helps users understand and trust predictions.
141,2025-11-07T05:53:30Z,Human-centered design aligns AI with user needs.
142,2025-11-07T05:53:30Z,AI product management balances feasibility and desirability.
143,2025-11-07T05:53:30Z,ML security guards against adversarial attacks and leakage.
144,2025-11-07T05:53:30Z,Resilience planning ensures graceful degradation under failures.
145,2025-11-07T05:53:30Z,"Data observability tracks freshness, schema changes, and drift."
146,2025-11-07T05:53:30Z,Monitoring alerts on anomalies in inputs and outputs.
147,2025-11-07T05:53:30Z,Root cause analysis identifies sources of breakdowns.
148,2025-11-07T05:53:30Z,Incident response coordinates fixes across teams.
149,2025-11-07T05:53:30Z,Telemetry provides insights for continuous improvement.
150,2025-11-07T05:53:30Z,AI literacy programs empower organizations to adopt ML responsibly.
151,2025-11-07T05:53:30Z,Model registries catalog versions and metadata for governance.
152,2025-11-07T05:53:30Z,Dashboards communicate performance and trends to stakeholders.
153,2025-11-07T05:53:30Z,Semantic search improves discovery across knowledge bases.
154,2025-11-07T05:53:30Z,User feedback loops refine retrieval relevance over time.
155,2025-11-07T05:53:30Z,Query logging supports analysis of search behavior and needs.
156,2025-11-07T05:53:30Z,AI in sports analytics enhances strategy and performance.
157,2025-11-07T05:53:30Z,ML in entertainment powers recommendations and content moderation.
158,2025-11-07T05:53:30Z,AI in transportation informs routing and autonomous driving.
159,2025-11-07T05:53:30Z,ML in public sector supports policy analysis and services.
160,2025-11-07T05:53:30Z,AI in real estate improves valuation and market forecasting.
161,2025-11-07T05:53:30Z,ML in insurance strengthens claims processing and risk assessment.
162,2025-11-07T05:53:30Z,AI in telecom analyzes network performance and customer experience.
163,2025-11-07T05:53:30Z,ML in automotive powers predictive maintenance and safety features.
164,2025-11-07T05:53:30Z,AI in gaming improves NPC behavior and player experience.
165,2025-11-07T05:53:30Z,ML in healthcare aids diagnostics and personalized medicine.
166,2025-11-07T05:53:30Z,AI for sustainability optimizes resource use and reduces waste.
167,2025-11-07T05:53:30Z,ML education grows as more people learn data skills.
168,2025-11-07T05:53:30Z,"AI conferences share innovations, papers, and best practices."
169,2025-11-07T05:53:30Z,ML communities collaborate on open-source projects globally.
170,2025-11-07T05:53:30Z,AI startups drive rapid experimentation and new products.
171,2025-11-07T05:53:30Z,ML tooling keeps evolving for better developer experience.
172,2025-11-07T05:53:30Z,AI hardware accelerators speed up training and inference.
173,2025-11-07T05:53:30Z,ML costs require careful budgeting and optimization.
174,2025-11-07T05:53:30Z,AI at scale needs robust infrastructure and automation.
175,2025-11-07T05:53:30Z,"ML lifecycle includes data, modeling, deployment, and monitoring."
176,2025-11-07T05:53:30Z,AI safety is paramount for critical applications.
177,2025-11-07T05:53:30Z,ML pipelines integrate data engineering and model training.
178,2025-11-07T05:53:30Z,AI trend analysis can be derived from Twitter streams.
179,2025-11-07T05:53:30Z,Tweets provide rich signals for public sentiment and topics.
180,2025-11-07T05:53:30Z,Semantic embeddings help match queries to relevant tweets.
181,2025-11-07T05:53:30Z,Cosine similarity ranks tweets by contextual closeness.
182,2025-11-07T05:53:30Z,TF-IDF offers sparse signals; BERT offers dense context.
183,2025-11-07T05:53:30Z,GloVe averages provide strong baseline sentence embeddings.
184,2025-11-07T05:53:30Z,Hybrid retrieval can combine multiple similarity scores.
185,2025-11-07T05:53:30Z,Evaluation metrics guide improvements to search quality.
186,2025-11-07T05:53:30Z,Shiny apps enable interactive exploration of results.
187,2025-11-07T05:53:30Z,Data-driven text mining reveals actionable insights from social media.
